{"cameraMode":{"drawMode":0,"name":"Shaded","section":"Shading Mode"},"sceneLighting":false,"audioPlay":false,"sceneViewState":{"m_AlwaysRefresh":true,"showFog":true,"showSkybox":false,"showFlares":true,"showImageEffects":true,"showParticleSystems":true,"showVisualEffectGraphs":true,"m_FxEnabled":true},"in2DMode":false,"pivot":{"x":9.514191627502442,"y":1.3131152391433716,"z":9.570245742797852},"rotation":{"x":-0.013916143216192723,"y":0.9856112599372864,"z":-0.10268500447273255,"w":-0.13357001543045045},"size":1.3618505001068116,"orthographic":false}