{"cameraMode":{"drawMode":0,"name":"Shaded","section":"Shading Mode"},"sceneLighting":true,"audioPlay":false,"sceneViewState":{"m_AlwaysRefresh":true,"showFog":true,"showSkybox":true,"showFlares":true,"showImageEffects":true,"showParticleSystems":true,"showVisualEffectGraphs":true,"m_FxEnabled":true},"in2DMode":false,"pivot":{"x":4.394540309906006,"y":-1.1862537860870362,"z":-2.980180263519287},"rotation":{"x":0.012704996392130852,"y":0.9801430106163025,"z":-0.18627558648586274,"w":0.06685181707143784},"size":13.490998268127442,"orthographic":false}